location,property_type,bedrooms,baths,Total_Area,price,price_per_sqft,investment_score,recommendation
G-15,Flat,2,2,93773790.0,4000000,0.042655842320119514,96.34887905396126,Good Investment
F-7,House,4,5,5445000.0,300000,0.05509641873278237,71.4680351878266,Average
Gulraiz Housing Scheme,Flat,2,2,4356000.0,16000,0.0036730945821854912,71.37887924521688,Average
Airport Housing Society,Lower Portion,1,1,3539250.0,13000,0.0036730945821854912,71.12032312926488,Average
Naval Anchorage,Upper Portion,2,2,2722500.0,35000,0.012855831037649219,70.83894621044124,Average
E-11,Lower Portion,2,2,2722500.0,70000,0.025711662075298437,70.80699708642096,Average
F-10,Upper Portion,3,3,2722500.0,70000,0.025711662075298437,70.80699708642096,Average
E-11,Lower Portion,3,3,2722500.0,115000,0.04224058769513315,70.76591964125205,Average
Al-Kabir Town,Flat,2,2,2586375.0,600000,0.2319849209801363,70.27964531035158,Average
Dhabeji,Farm House,4,8,784080.0,20000,0.025507601265177024,70.23249722767174,Average
